1;Anderson Gustavo Teixeira;aandersonteixeira@petrobrais.com.br;aandersonteixeira@petrobrais.com.br;1145783
2;Mariana Analu Dias;marianaaludias@supercleanlav.com.br;marianaaludias@supercleanlav.com.br;2245783
3;Ester Natália Márcia Duarte;eesternataliaduarte@acesse.net;eesternataliaduarte@acesse.net;3345783
4;Cauã Yuri Benedito da Silva;cauayuribenedito@sorocaba.com;cauayuribenedito@sorocaba.com;4445783
5;Otávio Henrique Diego da Paz;otaviohenrique@cntbrasil.com.br;otaviohenrique@cntbrasil.com.br;5545783
6;Paulo Thomas Carvalho;paulothomascarvalho@krika.com.br;paulothomascarvalho@krika.com.br;6645783
7;Manuel Leandro Drumond;manueldrumond-72@htmail.com;manueldrumond-72@htmail.com;7745783
8;Isabella Mirella Cecília Fogaça;isabellamirella@hotmail.com;isabellamirella@hotmail.com;8845783
9;Louise Laura Porto;louiselauraporto-92@sodexo.com;louiselauraporto-92@sodexo.com;9945783
10;Gustavo Carlos Eduardo Pinto;gustavocarlos@polifiltro.com.br;gustavocarlos@polifiltro.com.br;101045783
11;Débora Rayssa Ayla Lopes;ddeborarayssa@valepur.com.br;ddeborarayssa@valepur.com.br;111145783
12;Nina Melissa da Luz;ninamelisz_@profiledesign.com.br;ninamelisz_@profiledesign.com.br;121245783
13;Felipe Oliver Gonçalves;felipeolivergoncalves@golinelli.eti.br;felipeolivergoncalves@golinelli.eti.br;131345783
14;César Tomás da Silva;cesartomasdasilva@gruporeis.net;cesartomasdasilva@gruporeis.net;141445783
15;Natália Sônia Ferreira;nataliaferreira_@netservicos.com.br;nataliaferreira_@netservicos.com.br;151545783
16;Elza Jaqueline Julia Vieira;elzajaquelinejuliavieira@iega.com;elzajaquelinejuliavieira@iega.com;161645783
17;Daiane Helena Sônia da Paz;daianehelena@andressamelo.com;daianehelena@andressamelo.com;171745783
18;Francisca Laís Amanda Barbosa;franciscalais@gruposantin.com.br;franciscalais@gruposantin.com.br;181845783
19;Igor Raul Caleb Aparício;igorraulcaleb_@julietavinhas.com;igorraulcaleb_@julietavinhas.com;191945783
20;Marcelo Roberto da Rosa;marceloroberto@gracomonline.com;marceloroberto@gracomonline.com;202045783
21;Elaine Brenda Figueiredo;elainebrenda_@cbsdobrasil.com;elainebrenda_@cbsdobrasil.com;212145783
22;Sarah Hadassa da Mata;sarahhadassa@salvadorlogistica.com;sarahhadassa@salvadorlogistica.com;222245783
23;Ricardo Leandro Melo;ricardoleandromelo@heineken.com.br;ricardoleandromelo@heineken.com.br;232345783
24;Aline Sandra Francisca Caldeira;alinesandrafrancisca@lynce.com.br;alinesandrafrancisca@lynce.com.br;242445783
25;Erick Manoel Gael Drumond;erickmanoelgael-80@onset.com.br;erickmanoelgael-80@onset.com.br;252545783
26;Severino Eduardo Figueiredo;severinoeduardo_@academiagolf.com;severinoeduardo_@academiagolf.com;262645783
27;Giovanna Maitê Amanda Viana;giovannamaite@lojapetline.com.br;giovannamaite@lojapetline.com.br;272745783
28;Isabelly Aparecida Rayssa;isabellyrayssa_@ornatopresentes.com;isabellyrayssa_@ornatopresentes.com;282845783
29;Alana Aparecida Vieira;alanaaparecidavieira_@hotmail.com;alanaaparecidavieira_@hotmail.com;292945783
30;Rodrigo Fábio Cláudio Aragão;rodrigofabio-84@solucao.adm.br;rodrigofabio-84@solucao.adm.br;303045783
